,_id,account,amount,block,from,index,memo,op_in_trx,timestamp,to,trx_id,trx_in_block,type,virtual_op
0,18fc7bdb709fa8c39a28b2e1fe2e4e3e6fc0fdc5,haejin,"{'amount': 30.0, 'asset': 'SBD'}",17277524,haejin,74326,738474c056058884,0,2017-11-16 16:49:42,poloniex,596b6213a05289c5015b237a77e2f94c7564a839,12,transfer,0
1,578c17d30fc95ad7e3b4c748204342c47ca902e8,haejin,"{'amount': 0.01, 'asset': 'SBD'}",17281044,famunger,74579,I like your analytics. Thanks for the offer. I am right now considering selling BCH for BTC until year end. What is your opinion? @knircky and me are friends btw,0,2017-11-16 19:45:45,haejin,3bf1253cd9bc7e9d33d15162ec8894a847c9e078,24,transfer,0
2,9eef5a902ef0ec9d91e2f9ee2df4ebc3038205ab,haejin,"{'amount': 31.0, 'asset': 'SBD'}",17289925,haejin,75441,738474c056058884,0,2017-11-17 03:09:48,poloniex,4c8ffd3de69f8955eb4d706ee85ff25b262a0090,19,transfer,0
3,f75a4f8ade58566427734fc7956c1e38c0796196,haejin,"{'amount': 35.0, 'asset': 'SBD'}",17303105,haejin,75796,738474c056058884,0,2017-11-17 14:09:09,poloniex,741d3df6ffff1a716a7edafa093d0de2286f6678,27,transfer,0
4,aeec99ce38a9ecf23f104dd0ebc4ab5500a22ee7,haejin,"{'amount': 0.01, 'asset': 'SBD'}",17305942,haejin,76015,"I am very grateful for your upVote! Thank You! If you'd like a crypto analyzed, please don't hesitate to let me know!",0,2017-11-17 16:31:00,scandinavianlife,91d868ab5707776b436f6e79ee77c060d5b750e5,14,transfer,0
5,35d5cb9b7fed335acc03a6fc72fb7928a4c80269,haejin,"{'amount': 23.0, 'asset': 'SBD'}",17317380,haejin,76973,738474c056058884,0,2017-11-18 02:02:57,poloniex,c3105b4bf2e742e4a23cb81b53f1a3ee107dd9bf,11,transfer,0
6,5e7115a559a6875385820bac3789829c4bc09ef5,haejin,"{'amount': 0.01, 'asset': 'SBD'}",17317361,haejin,76972,	738474c056058884,0,2017-11-18 02:02:00,poloniex,eacfd217cab938018674bd4c1e63e75c0a2de425,6,transfer,0
7,4ac51a8e3d49f060799ae26b9a2a497300aa0c22,haejin,"{'amount': 12.0, 'asset': 'STEEM'}",17320175,summertooth,77060,Your dedication to the craft is admirable.,0,2017-11-18 04:22:42,haejin,6b11627ee50d23a23e915f1d0917bd70d1ec948d,7,transfer,0
8,609255dc4dc9eb82536a249d4c5f6eef7548bb4f,haejin,"{'amount': 43.0, 'asset': 'SBD'}",17334721,haejin,77706,738474c056058884,0,2017-11-18 16:30:00,poloniex,ef342c96615ccb5384b7c914ffc4bb956e835821,8,transfer,0
9,79062aa5785303d2735fa863f94c17dfc1ba5836,haejin,"{'amount': 12.0, 'asset': 'STEEM'}",17334755,haejin,77711,6f11784c22af1961,0,2017-11-18 16:31:42,poloniex,381358325fa0dedf3315486b81f4770b7a299b81,24,transfer,0
10,7eab40ef53358df937d69256ca445bdf565b82c0,haejin,"{'amount': 15.0, 'asset': 'STEEM'}",17335849,summertooth,77856,Welcome back to my NEO profit sharing program  :),0,2017-11-18 17:26:24,haejin,a9a962634778af938ff245d2464baa7effae86b6,17,transfer,0
11,6267e4aa3d5e4c89f256bb260fdd91619c7e6dac,haejin,"{'amount': 15.0, 'asset': 'STEEM'}",17336723,haejin,77914,	6f11784c22af1961,0,2017-11-18 18:10:12,poloniex,b68055a4e7099c438bb1c05d132c6a42942cf86c,20,transfer,0
12,b0b8b8afb42bc579c605536f1e81a71e1ba3bcc7,haejin,"{'amount': 53.0, 'asset': 'SBD'}",17363592,haejin,79190,738474c056058884,0,2017-11-19 16:34:27,poloniex,77256d3946f9404c98bfef9536d2dbc00143cfc2,18,transfer,0
13,b4b9a7f6fcf50918631426f35e5f1829692860e9,haejin,"{'amount': 20.5, 'asset': 'SBD'}",17376106,haejin,80139,	738474c056058884,0,2017-11-20 03:00:15,poloniex,03aa88aac785a93073537b73eee5d492eeb09417,12,transfer,0
14,de85d9cea2bcf97d4e0b9d088041f1642b3496e1,haejin,"{'amount': 19.0, 'asset': 'SBD'}",17390549,haejin,80649,738474c056058884,0,2017-11-20 15:02:45,poloniex,48fcb565a8f63a4479887599e9170b17f06f498c,34,transfer,0
15,ae13e87c660d8c345f6fdff7537c2898107d15d2,haejin,"{'amount': 26.5, 'asset': 'SBD'}",17394404,haejin,80968,738474c056058884,0,2017-11-20 18:15:39,poloniex,4914e3feee9fde58000d38283c2d79de328f7cb4,16,transfer,0
16,b29e2c1ba573587dd75b63d6491eafad38d11513,haejin,"{'amount': 0.01, 'asset': 'SBD'}",17395051,haejin,81038,"I am very grateful for your upVote! Thank You! If you'd like a crypto analyzed, please don't hesitate to let me know!",0,2017-11-20 18:48:00,greenjuice,d3b5707849503b2ef1875e0bcd5916559ba58ad5,3,transfer,0
17,b0e90f84e27d58521b5bdbb5474cd5ec514b553f,haejin,"{'amount': 0.01, 'asset': 'SBD'}",17395042,haejin,81036,"I am very grateful for your upVote! Thank You! If you'd like a crypto analyzed, please don't hesitate to let me know!",0,2017-11-20 18:47:33,razvanelulmarin,077b4e86eeebcd8060c4468d2304017490c28e3d,9,transfer,0
18,65862789eb8f3c404bab12cd59f049b6792a396a,haejin,"{'amount': 0.01, 'asset': 'SBD'}",17395028,haejin,81034,"I am very grateful for your upVote! Thank You! If you'd like a crypto analyzed, please don't hesitate to let me know!",0,2017-11-20 18:46:51,bub,e5802bcdd819606357bc7139ccd3dbfb7c5eb6e9,18,transfer,0
19,06f80e64b9f09b30b7381474b3b6c5a0c62fcc28,haejin,"{'amount': 0.01, 'asset': 'SBD'}",17395018,haejin,81033,"I am very grateful for your upVote! Thank You! If you'd like a crypto analyzed, please don't hesitate to let me know!",0,2017-11-20 18:46:21,codybill2,c4b2faf6789ad8f664d8021e403e4071a0279ef9,2,transfer,0
20,5bb31e34fdac7224c4ac0268cb51bd4de889bcfc,haejin,"{'amount': 0.01, 'asset': 'SBD'}",17395007,haejin,81031,"I am very grateful for your upVote! Thank You! If you'd like a crypto analyzed, please don't hesitate to let me know!",0,2017-11-20 18:45:48,gogogadgetupvote,b4ca23ca5a6a4f277288acdf6485a9ef4a935093,8,transfer,0
21,a1232c4c3ea1c8238b59d7b217f08e9da2cabccc,haejin,"{'amount': 19.5, 'asset': 'SBD'}",17396317,haejin,81173,738474c056058884,0,2017-11-20 19:51:21,poloniex,2f22d5fe1dfcb94f5370245ca2667584fcf0ad9e,8,transfer,0
22,f01b1ff4de3dbf1dc4a64f67dc05301aaf89602b,haejin,"{'amount': 0.001, 'asset': 'SBD'}",17415756,a-5,82252,"Let us resteem your post to over 25,000 Steemit Followers and get 14 upvotes. To know more https://resteemservice.blogspot.com/",0,2017-11-21 12:04:06,haejin,e0eee7b335e6e7d3bc22dfb439f14a3fe42cc9e7,4,transfer,0
23,7fdd78f1432790f1e18fff89e2f73efe5ab481f5,haejin,"{'amount': 41.5, 'asset': 'SBD'}",17419234,haejin,82409,738474c056058884,0,2017-11-21 14:58:03,poloniex,a27ecb07b3deba4b3957eb851b501df401b44dd4,17,transfer,0
24,c29463e2f3604361b0d2449a6725a86d500ec88a,haejin,"{'amount': 36.0, 'asset': 'SBD'}",17431485,haejin,83550,738474c056058884,0,2017-11-22 01:10:39,poloniex,e54e3266ceb5c43d50ceb21edfeea30e0af09625,3,transfer,0
25,9cf275f0130bea057cda40bedc1b91531b4925d6,haejin,"{'amount': 36.0, 'asset': 'SBD'}",17445837,haejin,84184,738474c056058884,0,2017-11-22 13:08:39,poloniex,62a2a614679eec1d8ea402682132759b0afc51e2,8,transfer,0
26,0fa608f9fc47517393df58f53f817bc9258ecd8d,haejin,"{'amount': 0.01, 'asset': 'SBD'}",17446107,haejin,84193,"I am very grateful for your upVote! Thank You! If you'd like a crypto analyzed, please don't hesitate to let me know!",0,2017-11-22 13:22:09,libertyteeth,1da14515c27b80f2ff53bf519805fa8822c07b53,7,transfer,0
27,93233355781618b0fe8f341c25bf34b3f7f6173c,haejin,"{'amount': 0.01, 'asset': 'SBD'}",17450528,haejin,84568,"I am very grateful for your upVote! Thank You! If you'd like a crypto analyzed, please don't hesitate to let me know!",0,2017-11-22 17:04:03,scorer,395630b36eada55fbf3f42b26c739641cdfee6c0,20,transfer,0
28,969d975e06bbd0b90859440c9d781780e7e4ef5c,haejin,"{'amount': 22.0, 'asset': 'SBD'}",17460599,haejin,85327,	738474c056058884,0,2017-11-23 01:28:03,poloniex,7269a53b817b925d5efd93a7f415daa7c3492ca4,23,transfer,0
29,49f447a16491e17c55ed5e09e0a932a221e47211,haejin,"{'amount': 15.0, 'asset': 'SBD'}",17462528,haejin,85452,738474c056058884,0,2017-11-23 03:04:39,poloniex,8a10b73d077d7a4cba4707e59beef23b156dabbe,14,transfer,0
30,966755ec521a678ef58b14fdd98b22de47d3f12b,haejin,"{'amount': 36.63, 'asset': 'SBD'}",17607898,haejin,94596,738474c056058884,0,2017-11-28 04:15:54,poloniex,6dcc77bbf3778ed0d2022db5d12595c6cf908e6f,19,transfer,0
31,e82b66b34320dab8347e7404e3f31fa72839df60,haejin,"{'amount': 1.0, 'asset': 'SBD'}",17633665,libertyteeth,96591,Thanks again for the offer of a half hour!  Could you analyze BCH for me?  My plan is to trade the BTC/BCH pair -- I'm not interested in fiat.  Thanks!,0,2017-11-29 01:44:54,haejin,708cc8451fa8be49a057cb04c5c39e77e21ae455,15,transfer,0
32,57196ae91b3aa8fb72b6faf72499935b77ec3c59,haejin,"{'amount': 64.0, 'asset': 'SBD'}",17634614,haejin,96672,738474c056058884,0,2017-11-29 02:32:21,poloniex,9170d9f160a49879184534f08409f47f8639a379,15,transfer,0
33,de8b853839da739acee06d86fc31ef9ad8c78a59,haejin,"{'amount': 36.5, 'asset': 'SBD'}",17650176,haejin,97897,	738474c056058884,0,2017-11-29 15:30:30,poloniex,23943841144826f49f7c1fab0f18c49d8d7f7df3,31,transfer,0
34,c04eb21ecdf5e6d218c16ccb2478cd15b9cd243e,haejin,"{'amount': 55.5, 'asset': 'SBD'}",17656153,haejin,98210,	738474c056058884,0,2017-11-29 20:29:30,poloniex,72cdb6662b0d13410518e1d3436dff827d9cc22c,1,transfer,0
35,e38416933e88d3e01691130af3a70b5c33b46a35,haejin,"{'amount': 88.0, 'asset': 'SBD'}",17691625,haejin,100813,0df85793f84d4fdab3a,0,2017-12-01 02:03:24,bittrex,c5f77247d413b8e322f96e182997f52b8e94e47f,10,transfer,0
36,b6a71253f800245d24869cde826b7255cf00266b,haejin,"{'amount': 51.0, 'asset': 'SBD'}",17708306,haejin,101590,0df85793f84d4fdab3a,0,2017-12-01 15:57:33,bittrex,13323bc7109c60d7479aadb33acee61913aa5f46,19,transfer,0
37,ab39840542700bf2e8f5d11e59be09ffa5a1b96b,haejin,"{'amount': 44.89, 'asset': 'SBD'}",17715612,haejin,102320,0df85793f84d4fdab3a,0,2017-12-01 22:02:51,bittrex,4d1dd3fd4be059c9ad323b5f4a5a713b203d1676,2,transfer,0
38,410b8772421943c66264cb075faa52fb87a5d298,haejin,"{'amount': 0.001, 'asset': 'SBD'}",17719363,journeyoflife,102623,"	Hi everyone theres a new up vote bot on steemit that I'd like to recommend, his name is @echowhale you can send him steem or steem dollars send between 0.20 - 1.00 and he will swim by and drop you off an extremely generous upvot",0,2017-12-02 01:10:24,haejin,0f95836547a3fc34cf93d5a770a4b04bf2624ced,5,transfer,0
39,906769290e61fc9dc4c340a5beaf20c30f6884fd,haejin,"{'amount': 0.1, 'asset': 'SBD'}",17724343,libertyteeth,103115,"Hi, could you do a tutorial on the software you use for the graphs and lines etc?  Appreciate it!  (Oh, also the video capture software as well!)",0,2017-12-02 05:19:33,haejin,fb0b9a14eda3074a052b009a0475b710121edf2c,5,transfer,0
40,44d35e3c1372bd1cba7f05f3b3f1af9c5ff4be5c,haejin,"{'amount': 33.9, 'asset': 'SBD'}",17738054,haejin,103710,gngzdq-d940-4p7rut6h-zw49vu1b,0,2017-12-02 16:45:06,openledger-dex,cdf02a28a450d302604c3f5ffaeb96535f8c0ebe,5,transfer,0
41,74a97e64365c8fae8696be889863c4b952a79080,haejin,"{'amount': 32.0, 'asset': 'SBD'}",17742643,haejin,104082,	gngzdq-d940-4p7rut6h-zw49vu1b,0,2017-12-02 20:34:39,openledger-dex,326dc23a6b0e642bbad48d82b6fdbf6928a9415a,2,transfer,0
42,c6e6ab11e3076240aced6e69d756e8a98151bae3,haejin,"{'amount': 0.001, 'asset': 'SBD'}",17743509,russiann,104164,Re-Steem Service to 1500  Followers only at 1 SBD. Send 1 SBD to @lovelygirl and Your Post will get resteemed over 1500  Followers   10  Steemit Facebook Groups. Buy 1 Resteem service and Get 1 Absolutely for FREE. Limited Time offer! Order Now(vr),0,2017-12-02 21:17:57,haejin,43041b849e8440b1512a130fcdeee2c4c5cd18b1,33,transfer,0
43,31357b0a494924102c2cd0ee64c6bf9a50141867,haejin,"{'amount': 25.0, 'asset': 'SBD'}",17750817,haejin,104608,	gngzdq-d940-4p7rut6h-zw49vu1b,0,2017-12-03 03:23:30,openledger-dex,170d68beca183feb89c6da98a3e34f8a51f44880,20,transfer,0
44,078fa3c3457459243884b694244a2444505a4f1b,haejin,"{'amount': 35.5, 'asset': 'SBD'}",17767579,haejin,105884,adfe5c85-e226-4d0b-bcf9-c39a76f142f4,0,2017-12-03 17:22:12,blocktrades,efb7ba0ac643aa993ee8ddad86eb72f8e5409513,9,transfer,0
45,82beafef852e5fb927a94803a5d8100db0744115,haejin,"{'amount': 31.65, 'asset': 'SBD'}",17773135,haejin,106454,adfe5c85-e226-4d0b-bcf9-c39a76f142f4,0,2017-12-03 22:00:03,blocktrades,6ee7a08d4b7e5d9b22629742be351f307312f9e7,3,transfer,0
46,90db62646c57fef520ddf8efecf5391c5d1de4a0,haejin,"{'amount': 31.0, 'asset': 'SBD'}",17779947,haejin,107297,adfe5c85-e226-4d0b-bcf9-c39a76f142f4,0,2017-12-04 03:40:42,blocktrades,1e59709260be423ef3c8ab5768c7b56e2cb07e18,7,transfer,0
47,7f1183e2af1419a459e571a14cd5937bf82e10de,haejin,"{'amount': 22.0, 'asset': 'SBD'}",17794596,haejin,108124,adfe5c85-e226-4d0b-bcf9-c39a76f142f4,0,2017-12-04 15:53:30,blocktrades,e65a0399c5cd4fc2c727df696ef6f8b608cce2ac,1,transfer,0
48,55e81ced53454433c0b06b3a842389182d4dab60,haejin,"{'amount': 0.727, 'asset': 'SBD'}",17798465,diverse,108605,,0,2017-12-04 19:07:12,haejin,c0d17ea1df295860339986a6b25f1f4555d16f3e,12,transfer,0
49,20387c39b9e9dfc7e56901e726737d155f0ad938,haejin,"{'amount': 28.5, 'asset': 'SBD'}",17801665,haejin,109437,adfe5c85-e226-4d0b-bcf9-c39a76f142f4,0,2017-12-04 21:47:30,blocktrades,87cb7de88a7de7465535c19fb418ba024487a702,5,transfer,0
50,7dfa9312c904c286d08ad84cedb943f974ebdf5c,haejin,"{'amount': 24.0, 'asset': 'SBD'}",17807667,haejin,109988,adfe5c85-e226-4d0b-bcf9-c39a76f142f4,0,2017-12-05 02:48:24,blocktrades,8bcefea77dcc287c4ce0deddf9b4335209d4aa0c,8,transfer,0
51,40ed8dbb1d4d005e99d2d4de2707fe567d1789ed,haejin,"{'amount': 8.0, 'asset': 'STEEM'}",17810295,summertooth,110242,Welcome to the MONA profit-sharing program  :)   I really ejoyed watching as you discovered the chart pattern species!  Impressive.,0,2017-12-05 05:00:03,haejin,66bc7608046cb46ca77b771604c34c4d0eb69442,38,transfer,0
52,3dea03046b08c0a7b30f3a9661e2168056f3fcb2,haejin,"{'amount': 33.3, 'asset': 'SBD'}",17818903,haejin,110549,adfe5c85-e226-4d0b-bcf9-c39a76f142f4,0,2017-12-05 12:11:03,blocktrades,d7eafdbd3fe56f7ca2420687ab3538cb46c015cf,30,transfer,0
53,9728bb66c33dd60538a435f22e71306d98b48ee4,haejin,"{'amount': 43.0, 'asset': 'SBD'}",17822260,haejin,110918,adfe5c85-e226-4d0b-bcf9-c39a76f142f4,0,2017-12-05 14:59:00,blocktrades,d469f37cc44a9bd63037a1f6b8111fc3333c4a5f,8,transfer,0
54,90d96c060cf9565bd4a0bb4b4d69b45780c5ded0,haejin,"{'amount': 40.5, 'asset': 'SBD'}",17834840,haejin,111774,adfe5c85-e226-4d0b-bcf9-c39a76f142f4,0,2017-12-06 01:28:12,blocktrades,831dec66801198744cbaff25afe13b65dfae134d,20,transfer,0
55,7e812caa13c081f50256fc2fead59e7c3fca3b79,haejin,"{'amount': 52.0, 'asset': 'SBD'}",17838061,haejin,112316,adfe5c85-e226-4d0b-bcf9-c39a76f142f4,0,2017-12-06 04:09:18,blocktrades,99174fb6bb593e1bd33b018b9853d3e092eb14e9,22,transfer,0
56,b92e9bab443bb76b8d6110672d37c8a03918760f,haejin,"{'amount': 20.0, 'asset': 'STEEM'}",17847919,gmrbotswana,112847,"A small token of my appreciation, for everything I have learned, wathching your tutorials and your daily charts.",0,2017-12-06 12:22:24,haejin,437b6e68029ad1534956b02d3435e7ad9095f860,9,transfer,0
57,027372989fed9accb2b54a558e6d6cb062ea6142,haejin,"{'amount': 29.8, 'asset': 'SBD'}",17849159,haejin,112970,adfe5c85-e226-4d0b-bcf9-c39a76f142f4,0,2017-12-06 13:24:27,blocktrades,5e5eef180d5ca29df305f0f4654f389e9f6ded5b,25,transfer,0
58,381c915ec0424c91651757df1270f64a3e7f5edd,haejin,"{'amount': 56.9, 'asset': 'SBD'}",17862601,haejin,114080,adfe5c85-e226-4d0b-bcf9-c39a76f142f4,0,2017-12-07 00:37:00,blocktrades,d95c4cf0f75ca23a0749e2fca8ebe10752263b3a,5,transfer,0
59,7219d0203bba411402a87c9a62e61de1ff4725ae,haejin,"{'amount': 30.2, 'asset': 'SBD'}",17876258,haejin,115515,adfe5c85-e226-4d0b-bcf9-c39a76f142f4,0,2017-12-07 12:00:09,blocktrades,09bf4d5faaf195309ce080a8de670d55b23f7060,26,transfer,0
60,4cbb93dcbf10ed506afd0dc61abe1723af418d4c,haejin,"{'amount': 0.605, 'asset': 'SBD'}",17880554,diverse,115944,,0,2017-12-07 15:35:00,haejin,37d94c3969ae6742850a456b4d717f3d2ce87522,2,transfer,0
61,0e90806169d54a7759eba2e3823651882acaed8e,haejin,"{'amount': 40.5, 'asset': 'SBD'}",17884945,haejin,116305,adfe5c85-e226-4d0b-bcf9-c39a76f142f4,0,2017-12-07 19:14:33,blocktrades,38809c01dfe0295109685de78b4bf1549155fad3,23,transfer,0
62,ad12918d374394131857069a7d25984a4c2b855f,haejin,"{'amount': 34.0, 'asset': 'SBD'}",17889578,haejin,116792,adfe5c85-e226-4d0b-bcf9-c39a76f142f4,0,2017-12-07 23:06:12,blocktrades,fe510f3a978ad12906c941d7e5fc619c76adb97f,17,transfer,0
63,bd902ee5ad78d2faf390c304b933dcb010f19cbf,haejin,"{'amount': 32.5, 'asset': 'SBD'}",17896008,haejin,117471,adfe5c85-e226-4d0b-bcf9-c39a76f142f4,0,2017-12-08 04:27:54,blocktrades,50a92609dcb8fee153f692048dd74580d003ddb4,4,transfer,0
64,ce9647a95abea50fd686125ba45ff4de664d5ea0,haejin,"{'amount': 34.35, 'asset': 'SBD'}",17911455,haejin,118492,adfe5c85-e226-4d0b-bcf9-c39a76f142f4,0,2017-12-08 17:21:39,blocktrades,1d88286f40dcb02da724daa34a7bdc7d705bf5e8,10,transfer,0
65,deb4b4c19e7b68c2b28b324fed4ce629db85e53b,haejin,"{'amount': 55.75, 'asset': 'SBD'}",17918123,haejin,119299,adfe5c85-e226-4d0b-bcf9-c39a76f142f4,0,2017-12-08 22:55:24,blocktrades,4db75c75d65e486d0949915c97ea44d54a498934,23,transfer,0
66,3a9a0209b20a41a42a43613fc1937e916ba95838,haejin,"{'amount': 34.95, 'asset': 'SBD'}",17924946,haejin,120448,adfe5c85-e226-4d0b-bcf9-c39a76f142f4,0,2017-12-09 04:36:45,blocktrades,3d63668bb430996a4993a9da1bbf4368e7753b68,0,transfer,0
67,2605de2feb606d2adf0e445aea758cbb8c5a860b,haejin,"{'amount': 54.77, 'asset': 'SBD'}",17944791,haejin,122163,adfe5c85-e226-4d0b-bcf9-c39a76f142f4,0,2017-12-09 21:09:12,blocktrades,701f78d689f92f76c8c0a8466aea3e3007c6555c,1,transfer,0
68,7275bfa9be0d247c66329e69de5df3bee2b3618a,haejin,"{'amount': 0.01, 'asset': 'SBD'}",17947636,haejin,122741,"I am very grateful for your upVote! Thank You! If you'd like a crypto analyzed, please don't hesitate to let me know!",0,2017-12-09 23:31:33,ranchorelaxo,09032dc85f9ea8d0dfc0b5e03a174e4865e44eda,20,transfer,0
69,ec849a93f4dc00ea9b5a963884be6b239eb1c604,haejin,"{'amount': 51.69, 'asset': 'SBD'}",17952506,haejin,123472,adfe5c85-e226-4d0b-bcf9-c39a76f142f4,0,2017-12-10 03:35:12,blocktrades,dab57d6622b1b78bc753e6f05f7b53d4dc1e3a90,0,transfer,0
70,56c51c8d63ef79d5f7763072eb3e51fc9079ac2f,haejin,"{'amount': 53.0, 'asset': 'SBD'}",17965606,haejin,124105,gngzdq-d940-4p7rut6h-zw49vu1b,0,2017-12-10 14:30:12,openledger-dex,16e9123a5380c466afe1ec273dd24d3061d3612a,32,transfer,0
71,6812f1763417b4c683c50fcfe798124afbbf1b53,haejin,"{'amount': 57.5, 'asset': 'SBD'}",17972508,haejin,125016,gngzdq-d940-4p7rut6h-zw49vu1b,0,2017-12-10 20:15:24,openledger-dex,b998be9811fbda7ea5118dac737c447b155d7685,5,transfer,0
72,b99ec777bc40c5678a7bd1da4454c23269246b00,haejin,"{'amount': 0.001, 'asset': 'SBD'}",17978404,steembasicincome,125766,thanks to @vimukthi and @summertooth you have been enrolled in Steem Basic Income. Learn more at https://steemit.com/steembasicincome/@steembasicincome/steem-basic-income-ready-for-full-launch,0,2017-12-11 01:10:12,haejin,b983eda960722ff020028b57488c041c347ae68a,22,transfer,0
73,ae955646366ef44506fb27b6cc5c074a50dd079c,haejin,"{'amount': 6.0, 'asset': 'STEEM'}",17979926,teameffort,125860,Thanks Haejin - just came across some of your posts and happy to engage and support!,0,2017-12-11 02:26:18,haejin,adaf656a814b50e69e7cee676dae2ce6ff79d64f,6,transfer,0
74,fdc5ca707c81452193fd6bfff3577a84e65b05ec,haejin,"{'amount': 89.4, 'asset': 'SBD'}",17981308,haejin,126181,gngzdq-d940-4p7rut6h-zw49vu1b,0,2017-12-11 03:35:24,openledger-dex,10cc13b3dac8af1a7989e1c3d6b0558fd6aa7177,15,transfer,0
75,eda8893b443a34a7ebbe7a4898740c11f91230c7,haejin,"{'amount': 0.001, 'asset': 'STEEM'}",17982852,katiesato,126950,#2NMTdEBfM3d2mQEavVsYxPZG8DQ78MbYU7gBawK84ewV4ibeYTcS3zkhim1Bj4G6rqGCRw3BdHCiUk1q64r4xLcysAuhgTyMx5nDLRH141Uw79S4uwjax9wuU8GXyNsTmjifuJzVwZJyAji94GT6xcpYaXiEuAkh2GTgVTWB6NySN9rKCbhqq3m3j6hmseUv1nnQ45rY73a1rwWG4ZChoP8GGGBmFHJa3u2bQr7xGq1wuGWfGf6jgr27S3oBZ45Ajm7N47VavgYcEqdKzNiRsysggVBvAn74ZvwmVhH9FxCyQE5X2wbHxCjC8kvfucAGesgnRMM9Gg6Yk9G6kwbosDbLJbPBGnsx54E3Suwn2TVyCvYk6wres875nNWPvKaAjW4xY1x6Uw9qPjZ6E34KGcCukDrh6Jht7s7E8guZHiS4KVk9V71dgY1Bj2vAZUmz9m7axsdMaVGjksNTSAsE37765jxWwpZVsw4pkBcjGwP7ccvq8jXNjQUpcFWXUjjFdZSv6F39KDKcZSuQaMFGTkc4sZvgwqTg5RNytq5tXxVN9yMuEn4sAjqmXFkvpgHjrNWEgUR4vfXiyfZmXicM879xeC3NFHg6v94Dq8TJ5GejSWfWnBSLwHwcQM5tyHuPa8faJUnwDYE5zEdVAkf1GGvKFrgCuv8JLU88Qm9gEHww1JydGnjnbHmh5Zs,0,2017-12-11 04:52:39,haejin,bb7b739348b3549fb439d9f73d4dedc732c6c789,20,transfer,0
76,9a540863d190c1bc03a422b7375dbd054be4fe08,haejin,"{'amount': 35.63, 'asset': 'SBD'}",17998599,haejin,128750,gngzdq-d940-4p7rut6h-zw49vu1b,0,2017-12-11 18:00:12,openledger-dex,e0d0ea90c9e57c2efec9aed16729612a1800b9bb,2,transfer,0
77,df714be12daae37a3e859461a8bd68b233f338cd,haejin,"{'amount': 19.8, 'asset': 'SBD'}",17999643,haejin,128877,,0,2017-12-11 18:52:24,starjuno,d3fce88f4746c1dc39f2b515d48ed93be63f364f,17,transfer,0
78,dd9988ed965f211283dad4445f6012c72db8c85e,haejin,"{'amount': 29.4, 'asset': 'SBD'}",17999631,haejin,128874,,0,2017-12-11 18:51:48,starjuno,187221cbb18fe57cd8cce2c4700c128febba4d24,5,transfer,0
79,8a117e0737b68ba3207c987ca7c6c084d3dfe284,haejin,"{'amount': 0.001, 'asset': 'SBD'}",18002897,arcange,129350,WARNING - The message you received from @russiann is a potential scam! I advise you to read this post before taking any action: https://steemit.com/steemit/@arcange/potential-scammer-reported-russiann,0,2017-12-11 21:35:12,haejin,06606aa0431543739275cc4479e640623c1a630f,1,transfer,0
80,0fea2f5dc3c82310319bc3bad444ed0884abf891,haejin,"{'amount': 0.001, 'asset': 'SBD'}",18002858,russiann,129344,Re-Steem Service to 1500  Followers only at 1 SBD. Send 1 SBD to @lovelygirl and Your Post will get resteemed over 1500  Followers   10  Steemit Facebook Groups. Buy 1 Resteem service and Get 1 Absolutely for FREE. Limited Time offer! Order Now(vr),0,2017-12-11 21:33:15,haejin,b4fb2fe29b56c65cd5102f1d1770d0e36d77ee92,4,transfer,0
81,03f43e685b00ce8329f3924018c3ead4b8f8bf0a,haejin,"{'amount': 30.0, 'asset': 'SBD'}",18008811,haejin,130215,,0,2017-12-12 02:30:54,starjuno,ca4036faea2e8745ffcc00162d3e57d9410e7d85,8,transfer,0
82,ddc33aef0367a734a85882aa73fa2ad15192e38c,haejin,"{'amount': 33.8, 'asset': 'SBD'}",18012599,haejin,131166,gngzdq-d940-4p7rut6h-zw49vu1b,0,2017-12-12 05:40:21,openledger-dex,3f0334137823da7bda3439a50e93878fb22813a0,6,transfer,0
83,44c21829bd9ad97e477a9b11383c33fb72d461b3,haejin,"{'amount': 64.1, 'asset': 'SBD'}",18026877,haejin,132819,gngzdq-d940-4p7rut6h-zw49vu1b,0,2017-12-12 17:34:42,openledger-dex,714bc6564c863fd3df32928ab59f96ccbf87278b,10,transfer,0
84,7a721ad0da61ea5e6f2035c192e1535525ca94a2,haejin,"{'amount': 34.0, 'asset': 'SBD'}",18035472,haejin,134717,gngzdq-d940-4p7rut6h-zw49vu1b,0,2017-12-13 00:44:36,openledger-dex,db51b014f5226c2951323374f6c411380c4eabe3,12,transfer,0
85,c22f6ac7e19efe428f4585d6b85d2572f9c3aa3e,haejin,"{'amount': 60.0, 'asset': 'STEEM'}",18035458,haejin,134715,,0,2017-12-13 00:43:54,starjuno,2667f282a3117ec23782a06c6e40201925f6f814,16,transfer,0
86,a83fe2acfea6915e30b642d45006ec652746ca0a,haejin,"{'amount': 68.14, 'asset': 'SBD'}",18039227,haejin,135491,gngzdq-d940-4p7rut6h-zw49vu1b,0,2017-12-13 03:52:33,openledger-dex,1f2d2478d589666572e080215818f5895ef36733,23,transfer,0
87,626dfc3c37d117759ad53f4f5c70e03be2b6b3c1,haejin,"{'amount': 0.01, 'asset': 'SBD'}",18050902,haejin,136606,I wish you MASSIVE profits!!,0,2017-12-13 13:36:45,robert-call,9e980cc788f01f27b043193e5abf4bc42f220e7b,22,transfer,0
88,52e28d12ee28ff67fede33cbe156d0321d0786e4,haejin,"{'amount': 38.5, 'asset': 'SBD'}",18050887,haejin,136604,gngzdq-d940-4p7rut6h-zw49vu1b,0,2017-12-13 13:36:00,openledger-dex,f76a8f285a2e1320f12eaaf7aaec7f545ab6a7dd,16,transfer,0
89,1a18888937f086ee09614996a1751d36b0947538,haejin,"{'amount': 0.001, 'asset': 'SBD'}",18052329,jones420,136859,"Do you consider your post to be undervalued? Do you want to get more exposure and upvotes?
Just send 1 steem or 1 steem dollar to jones420 and put the link to your post in the memo.
I will resteem your post to 8200+ folowers! Your post will appear in the personal feed of all my followers!
FOR ALL INFORMATION GO TO --> http://www.resteemservice.ml/",0,2017-12-13 14:48:09,haejin,3d44aeb33b83ea9008a2444b10d07beeb7b99bb3,17,transfer,0
90,e3e034e7d44d680ef0e3da35acbbd4fbdbca9295,haejin,"{'amount': 0.001, 'asset': 'SBD'}",18052477,arcange,136881,WARNING - The message you received from @jones420 is a potential scam! I advise you to read this post before taking any action: https://steemit.com/steemit/@arcange/potential-scammer-reported,0,2017-12-13 14:55:33,haejin,9c95c8b268308907371e909bd4cd2ef074877cab,6,transfer,0
91,d7e2e9bb79c1ed395aa4a3f8ca10ed86ca31dc4f,haejin,"{'amount': 32.0, 'asset': 'SBD'}",18061733,haejin,137992,,0,2017-12-13 22:38:36,starjuno,d116ffc61c93620b635f322cd44eab1b64432c19,15,transfer,0
92,4d5fd4b0f6cd34a4948e5651dec85c859f3e9fb9,haejin,"{'amount': 0.01, 'asset': 'STEEM'}",18062277,scarlet7,138142,"Can I get a Resteem, I say AMEN!  https://steemit.com/bts/@scarlet7/solved-withdraw-and-send-from-bitshares-and-openledger-dex-with-a-memo",0,2017-12-13 23:05:48,haejin,d3a379f1a1f4918232dd18c44096acb04b3485df,1,transfer,0
93,9898ce5d9846dbe7ad5d8b8e4d15a3daf0b2eb30,haejin,"{'amount': 92.68, 'asset': 'SBD'}",18067910,haejin,139235,gngzdq-d940-4p7rut6h-zw49vu1b,0,2017-12-14 03:47:36,openledger-dex,8c31bc1471851748621853058e8392d4354ddc2c,31,transfer,0
94,4058b9e9fc23806ed8c165e3dab0ecc42f19332d,haejin,"{'amount': 0.001, 'asset': 'STEEM'}",18077553,scarlet7,140157,"Sent a bunch of updates for you on Twitter, FYI",0,2017-12-14 11:49:51,haejin,8e48d186eabef0285e5b84a6da4da62a4622ddba,12,transfer,0
95,d167ed6be223d893de987c853908a9933bee23e9,haejin,"{'amount': 0.001, 'asset': 'SBD'}",18079619,jones420,140439,Do you consider your post to be undervalued? Do you want to get more exposure and upvotes? Just send 1 steem or 1 steem dollar to jones420 and put the link to your post in the memo. I will resteem your post to 8200+ folowers! Your post will appear in the personal feed of all my followers! FOR ALL INFORMATION GO TO --> http://www.resteemservice.ml/,0,2017-12-14 13:33:09,haejin,a69adcf5fa938594f87b39f7f44cfe4df8e4ac65,10,transfer,0
96,1c07b031ff418b47f16ffb4f1d5647c879aaf8ae,haejin,"{'amount': 0.001, 'asset': 'STEEM'}",18080022,scarlet7,140545,https://steemit.com/bts/@scarlet7/solved-withdraw-and-send-from-bitshares-and-openledger-dex-with-a-memo,0,2017-12-14 13:53:18,haejin,5358c0b42c598ad5c160e427e9f6ed8b7e178b7a,27,transfer,0
97,9e0b9d6e3a656e631a521eb11f4759a6fbf787df,haejin,"{'amount': 0.01, 'asset': 'SBD'}",18084512,scorer,141214,"Can you please make a small update on Ripple (XRP), since it looks like finishing the 5th wave in iii wave.",0,2017-12-14 17:37:48,haejin,d66c39ac1d13fb357e1ac08125831ceb0777aa2b,12,transfer,0
98,03d1d1507e2a0a1e07fdb75d9a4d53abaf25b038,haejin,"{'amount': 156.67, 'asset': 'SBD'}",18096175,haejin,142387,gngzdq-d940-4p7rut6h-zw49vu1b,0,2017-12-15 03:21:09,openledger-dex,ab90a2a39a858cb910d439c2a4342d730dece5b8,23,transfer,0
99,0a139411d738fd1ee80b10f52b0dc21013f37f89,haejin,"{'amount': 42.2, 'asset': 'SBD'}",18110839,haejin,144404,adfe5c85-e226-4d0b-bcf9-c39a76f142f4,0,2017-12-15 15:34:21,blocktrades,6fbba5e514ac3a0b683c2822a6bc60848e278d6c,32,transfer,0
100,c508f689b24959eac1b8c2c60c845586610d69be,haejin,"{'amount': 43.21, 'asset': 'SBD'}",18119248,haejin,145624,adfe5c85-e226-4d0b-bcf9-c39a76f142f4,0,2017-12-15 22:34:54,blocktrades,6832244f634fd815a85dc1f99721c927d620d688,16,transfer,0
101,90e5e02023a6634a8721215a88a3becc2236b612,haejin,"{'amount': 77.2, 'asset': 'SBD'}",18126662,haejin,147039,adfe5c85-e226-4d0b-bcf9-c39a76f142f4,0,2017-12-16 04:45:36,blocktrades,8a59963ade5790865f27aa2e55d055166e5db2dd,3,transfer,0
102,bdad224ee82d8348b39294cc8c781fe2f3eb7a9f,haejin,"{'amount': 100.0, 'asset': 'SBD'}",18126654,haejin,147037,,0,2017-12-16 04:45:12,starjuno,cb88ed4bbb826e41f9d2186c4d6ca4eccccbe494,14,transfer,0
103,fcf3ffe712f38ba9eb022438f61af36a49af0f0a,haejin,"{'amount': 45.16, 'asset': 'SBD'}",18137956,haejin,148449,adfe5c85-e226-4d0b-bcf9-c39a76f142f4,0,2017-12-16 14:10:18,blocktrades,a4fc5000b0cb5a444e83b0dacd3c61f439227f73,54,transfer,0
104,f01716f97e3b634da733362873aa912692965832,haejin,"{'amount': 10.0, 'asset': 'STEEM'}",18140453,summertooth,148665,"KABOOM!!! [DOGE](https://steemit.com/bitcoin/@haejin/doge-coin-analysis-doge-usd-target-usd0-012-757-profit-potential-doge-btc-target-0-00000207-12x-profit-potential) just hit your projection from 24 days ago!!  KABOOM, KAAABOOOOOMMMM!!!!",0,2017-12-16 16:15:09,haejin,c0fa6d12534e30303a7322e9c9458412a87b5866,20,transfer,0
105,196cf0f3175e64dda81494c51005e297b9b5a68c,haejin,"{'amount': 10.013, 'asset': 'STEEM'}",18150938,haejin,149940,bf37e3d6-cd9f-4c48-b75e-4cb30ffc9b09,0,2017-12-17 00:59:42,blocktrades,37e697558b589cb65817aef208ad5a3487bff62f,7,transfer,0
106,59cf5b8257b3a862fd84f2518c02e4c7260a55c2,haejin,"{'amount': 52.66, 'asset': 'SBD'}",18150920,haejin,149934,adfe5c85-e226-4d0b-bcf9-c39a76f142f4,0,2017-12-17 00:58:48,blocktrades,42e6f31a1365c813199e6aa4b483c0301417a600,5,transfer,0
107,bb3f315d775538a1295ae06ee25be0302dd77e50,haejin,"{'amount': 42.812, 'asset': 'SBD'}",18154247,haejin,150682,bf37e3d6-cd9f-4c48-b75e-4cb30ffc9b09,0,2017-12-17 03:45:09,blocktrades,3f825c3f758cf71ccf448fed221bbec2d220b6cd,3,transfer,0
108,fcf68eaec4e3178ba892ae59641c9083b19a1a66,haejin,"{'amount': 10.0, 'asset': 'STEEM'}",18157318,summertooth,152152,"Welcome, Sir, to the Cardano (ADA) profit sharing program!  Only took 10 days this time.  Amazing.",0,2017-12-17 06:18:42,haejin,8929232a215d6d48f1a13c97aba8b4ffec06a154,17,transfer,0
109,630a9808f523907805541ffb48c8fd31de09d485,haejin,"{'amount': 5.0, 'asset': 'STEEM'}",18171939,anarchrysalis,155928,can I get a ZenCash update?  Hope the movie was good!  Thank you!,0,2017-12-17 18:29:48,haejin,24b85ab3a9c9d6b0f776e8db13656922dadf3a8f,25,transfer,0
110,256375af7fcdd9c0f470c1f1e70d29aa0fdb92c5,haejin,"{'amount': 131.947, 'asset': 'SBD'}",18182626,haejin,157656,bf37e3d6-cd9f-4c48-b75e-4cb30ffc9b09,0,2017-12-18 03:24:12,blocktrades,645c1b0cdb996e828aa413a8feea6c7f294f7a65,6,transfer,0
111,f5371df5977e86356dc4cd591249eafb2ace4e7c,haejin,"{'amount': 54.758, 'asset': 'SBD'}",18199256,haejin,160462,bf37e3d6-cd9f-4c48-b75e-4cb30ffc9b09,0,2017-12-18 17:15:45,blocktrades,1bec3b2fdd5773e941f0373cdc91ab9e1db8b0cd,11,transfer,0
112,8c226610642582814e96dd3b5309e2220c91940e,haejin,"{'amount': 0.019, 'asset': 'SBD'}",18199548,t3ran13,160530,Reward authors from The Alternative STEEM TOPs https://steemit.com/top/@t3ran13/the-alternative-steem-tops-09-12-2017-gmt-top-of-the-pop,0,2017-12-18 17:30:21,haejin,4ab596035a3d036152eef01a906c75227a8681f3,16,transfer,0
113,2fcce86f3eebdd8caf3e3d3670882ed04aff0c0c,haejin,"{'amount': 43.443, 'asset': 'SBD'}",18203925,haejin,161467,bf37e3d6-cd9f-4c48-b75e-4cb30ffc9b09,0,2017-12-18 21:09:12,blocktrades,6c6efc72bc78c9d9a4ed92aee849f0afec9734d9,28,transfer,0
114,efef0fc5d25a7bb65955ac182e4e94522d0b6a7e,haejin,"{'amount': 59.94, 'asset': 'SBD'}",18211914,haejin,164031,,0,2017-12-19 03:48:45,starjuno,433e83d2b0385fed64ff32713f087f761a011e90,20,transfer,0
115,c4e895874d7309a2b98582a019f43d85d34fb835,haejin,"{'amount': 0.001, 'asset': 'STEEM'}",18220130,crypto-bot,165480,https://steemit.com/haejin/@crypto-bot/haejin-coin-request-post-12-19-17,0,2017-12-19 10:39:36,haejin,05e70c41024744848382371c8ee654f3ec99783e,9,transfer,0
116,caed8115daa0ffd76203564f15d1a89b6db173ea,haejin,"{'amount': 0.001, 'asset': 'STEEM'}",18220581,haejin,165531,Could you at least let me know why you are downvoting my blogs? i provide free analysis as service to steemit comminity!,0,2017-12-19 11:02:09,grumpycat,b7e7503a4f5ae2d4c29b4ccffc37132d4eb3cada,4,transfer,0
117,0c720bc78bd72af890d54c797b3bab4b438b700d,haejin,"{'amount': 88.0, 'asset': 'SBD'}",18225466,haejin,166706,bf37e3d6-cd9f-4c48-b75e-4cb30ffc9b09,0,2017-12-19 15:06:30,blocktrades,d0910863ce0c6ca951034a1aba8ad89db3ec5409,42,transfer,0
118,42f1f2edc8fd2e46a1e240f2dc46b34dd44de776,haejin,"{'amount': 0.1, 'asset': 'SBD'}",18235051,grumpycat,170732,#AZoeubwxKCKZmeLg1H2SdwoRi8xzkAFEbsWBLdyqs99kbSWkwWcTqjcSgQzLUV2AXQQSPi3f2BQPU53LgghmzS3S3FLzfkfBkx2jxjAai3hrbtSVdy9BBXUjTuwnXtyRXUgFp8aonXiNosL3KX7YTu8gtTFSeQtfP3GA8q9STAZNJfJdEFnrcoiLJKuugM9EnQKBuuKBp79CanNyLx3uQhpWX4zQ3yG1bFqvmYyzQmpnnnZ8qbgNGGHhG45NqbcCRBzao9GMvBE548Puxb2gJBsYssQtwkPTmfJz6pP9GjsVBWPb6A6BwTzCGaBHFURfQ4CSAdhitBpVmVDMNmvJyng6uwxxg,0,2017-12-19 23:05:45,haejin,69bb1567b25a9d29ac9898ed637e882b4e9038f3,8,transfer,0
119,7c9283693ee4f9563dd4d57647e8174e66ac5c08,haejin,"{'amount': 0.001, 'asset': 'STEEM'}",18235039,grumpycat,170726,,0,2017-12-19 23:05:09,haejin,de04dc4901e1c4bf7345dcfb549c01c628f6b9f4,28,transfer,0
120,a90de69e7aabe4afdf15e48af2f9bef3bd2562cd,haejin,"{'amount': 1.0, 'asset': 'SBD'}",18235605,solisrex,170905,Congradulations! I was hoping for this. This is visability. Well Done!,0,2017-12-19 23:33:27,haejin,5763a85ec79dd626d78fd15a9bce2b295c1c2ab6,27,transfer,0
